hour_of_day,total_sales,avg_sale_amount
1,15942,790.6230711328566052
2,14673,698.3957609214202958
3,14269,617.0250893545448174
4,14333,611.1324914532896114
5,14136,604.3356677985285795
6,14451,612.7951698844370632
7,14093,626.0949407507273114
8,14050,625.1526690391459075
9,14089,620.6483781673646107
10,14050,625.0142348754448399
11,14258,627.1265955954551831
12,14112,629.0663973922902494
